{
  "project_info": {
    "project_number": "523297583629",
    "project_id": "sketchstock-9b5e1",
    "storage_bucket": "sketchstock-9b5e1.firebasestorage.app"
  },
  "client": [
    {
      "client_info": {
        "mobilesdk_app_id": "1:523297583629:android:743884520af7da874edb44",
        "android_client_info": {
          "package_name": "com.example.sketchstock"
        }
      },
      "oauth_client": [],
      "api_key": [
        {
          "current_key": "AIzaSyBUdHvx3OLlS6k-BLbOHNX-4bdBfB__krA"
        }
      ],
      "services": {
        "appinvite_service": {
          "other_platform_oauth_client": []
        }
      }
    }
  ],
  "configuration_version": "1"
}